key	bytes	md5
base/dem1/4931.tif	32564109	9d3ea77baa9a7b53b1fc27a10195ce35
base/dem1/5030.tif	690280506	462814a36661dcb5829c4fa7d3b21c56
base/dem1/5031.tif	956464817	5965d35e68dd33317390dcdd43bfed57
base/dem1/5032.tif	61368922	c45a6bd92e296c96c7e5b8a7158be884
base/dem1/5130.tif	674618632	ccac0dbe758cc33adf6c200bad3d8c0f
base/dem1/5131.tif	3855129812	145335004eb11e11fb6f09f64b4d0731
base/dem1/5132.tif	1980781059	a71a57cefa636c31a9d3f338ae61f0fe
base/dem1/5133.tif	44940384	1d539f2e765a7afda41f39772c0afb9e
base/dem1/5232.tif	646193619	0b01350ba27f468490ac6565b9f9c5b7
base/dem1/5239.tif	267966074	2eeec7569e39be45e6f530d9d664bf43
base/dem1/5240.tif	586679917	1523d75b9a7cdf70b8fc6c3d03114aaf
base/dem1/5337.tif	1675810032	f1354b2d7c067e62f8c7a4132222a15a
base/dem1/5340.tif	21521608	8587defdec5893e768bf466d22259ffe
base/dem1/5437.tif	465163589	c3427e3ae1d0375e563b86e6cb595e5a
base/dem1/5438.tif	649399702	bab4fccd636a06c11d1b0d61e6107ea4
base/dem1/5539.tif	46308141	2dd29d21cc35775cba4cd6d480d4ea04
base/dem1/5540.tif	638255609	2470aacf19f65b113f0e10bd9a42d9c9
base/dem1/5541.tif	49899703	02aeeaff3f264957ae8c57228a50357c
base/dem1/5640.tif	395590710	014d7b85bfa73dd05fbd198a58fbbe33
base/dem1/5641.tif	236823574	5c572e886d8f479613593bf859aeed1c
base/dem1/5740.tif	298791481	2364e491fc93e1095224cdb884cb3806
base/dem1/5741.tif	1202342360	9664e809250e286d42f1661520893ac1
base/dem1/5841.tif	1264289493	5b3339000242122134f8e28fcdcd5240
base/dem1/5941.tif	2318327613	663a410a91d9e112588323a45d888b0d
base/dem1/5942.tif	188441575	80acc92a41809b485f368afb75d9855b
base/dem1/6041.tif	265964438	c89e5c3780320345f9edb43dca4f220b
base/dem1/6240.tif	1160050178	53c2c30af1df0b23f580db07894efe97
base/dem1/6339.tif	1858166562	657aba8aedb3b400ddb17f0a0833bd63
base/dem1/6340.tif	5371877267	57b401f0dbb336b6e03f474e67753ebb
base/dem1/6342.tif	2080231857	e3f367f962dffe293f2748839765aff1
base/dem1/6439.tif	48869291	351689152fd8a9fe7a4cc0fd5a3c8571
base/dem1/6440.tif	1306747920	a1f0ce8f44f046eedc5bd9d391cb4dc8
base/dem1/6441.tif	43014938	5d59366af3d7820c69924552d7def45b
base/dem10/3036.tif	2881	b16d91bda60a782353cd1ba3c7ef0ef5
base/dem10/3622.tif	311940	f6bd4b0901d7d9fe51938bc093722412
base/dem10/3623-fill.tif	5712171	59d242f5887ae5f5d85efd9c23d5ad8e
base/dem10/3623.tif	186129	702493a983adffd103b1317a3736a505
base/dem10/3624.tif	4081918	d92e4cb44df4e8d89384e320c33185c0
base/dem10/3631.tif	29258	434678fb268ca6e81e9b89a3663a5c73
base/dem10/3641.tif	83116	2621bd70e87b60b9950eed7cf6780e34
base/dem10/3653.tif	28916	a5032334116f0a9d7f400547781fc76c
base/dem10/3724.tif	102396	57c4b8ed3f2f496e68f2f079f31845d1
base/dem10/3725.tif	2939575	fbe4c217ec9a7659cab6dd22291446a0
base/dem10/3741.tif	466800	b680010c5feb2e80440d7e2d8fb178db
base/dem10/3823.tif	143277	a0635bee4d556840cf7048fe6ddde9bc
base/dem10/3824.tif	5095	eb3983f73092a268e1353c05590d4bf0
base/dem10/3831.tif	652700	95056349fb0e1e0a04a7761f5e79dd4e
base/dem10/3841.tif	126734	2add9c296b23539a9494847aab977c1e
base/dem10/3926-fill.tif	4577	8b64dc53ba0c0058a958e1250bd83853
base/dem10/3926.tif	1038765	184cb14884831db131008ecb7a94b05b
base/dem10/3927.tif	12202927	3d9d3eb64169c3a218194c6281ec1e2e
base/dem10/3928.tif	3937117	a9be7d1026d610229d00b60ac0997c5b
base/dem10/3942.tif	414303	ecb6684a344c0b8a1df8ab2cc9e437c6
base/dem10/4027.tif	1787085	34faa97424372018288082ddf12aebf7
base/dem10/4028.tif	5062547	f9b32b1838643db62e4ad9dc7a624124
base/dem10/4040.tif	67838	5ba3776f05141dcc88926a841f4b0c50
base/dem10/4042-fill.tif	12283	4525dd540bb531dbe8e46748122eebce
base/dem10/4042.tif	1118800	adeed7d54e2297487010186957593b17
base/dem10/4128.tif	5293164	9a577c401e507a3deea7325e6a62986a
base/dem10/4129.tif	437274	27a1ed446f5f303bc24f0c2a00cdf4db
base/dem10/4142.tif	168811	89bb06eabd8f0712776cb291c58166ea
base/dem10/4229.tif	16346357	bba50298b7d27d090d35a56219847b3d
base/dem10/4230.tif	200729	215f6b4bca1c1dd953ee5dc815c58a1a
base/dem10/4328.tif	68734	6f7ef4d013a712bdfe8ba95fb08b70f8
base/dem10/4329-fill.tif	191862	508f290cdc093cd5fac6f6617b6bddcd
base/dem10/4329.tif	36360	3f931c62b8c6ee8da6be6a37d673868d
base/dem10/4429-fill.tif	108333	40f0f42627b8241982950a21cf55c328
base/dem10/4429.tif	1927343	a0b760e71ab553f4f701a854c0e740c9
base/dem10/4440.tif	2854	8e58a04056392801a3ff6129b2cdc08a
base/dem10/4529.tif	17440	e9917f227c322f7ba370d87378a263a5
base/dem10/4530-fill.tif	5064	66a6e1ea50f5ce92f6db226a09ba335c
base/dem10/4530.tif	14063400	bc13830deb6a2ff4820a74a7f39c0eaa
base/dem10/4531.tif	995615	3ce65bb70a71c21feda65c20b91cbdd2
base/dem10/4540.tif	107459	c593a1cb25096185065c2722c837f0cb
base/dem10/4629-fill.tif	46468	0adf649c196dbafe2439ac19c9a21134
base/dem10/4629.tif	433927	8ae033beaae9cb8b8da4965992d18bd2
base/dem10/4630.tif	18969419	2fc437865fd788334b0f5300e758e49a
base/dem10/4631.tif	4006917	180ebe9ef2f489df4919b42acdaeaf12
base/dem10/4728.tif	21842	c18829ffc900f215c9d8229ee7f1f1bc
base/dem10/4729-fill.tif	4991	f1bc79bf5fad20c171fe02b1fbaf8738
base/dem10/4729.tif	2562555	5a1484c7f20e69249e443faca581ef93
base/dem10/4730-fill.tif	1791365	8883b1f7869a0f69a5a007438c91c5a0
base/dem10/4730.tif	73552982	78f58bb56dcacbe901d863ea2b24be27
base/dem10/4731.tif	42883998	6f84efa36bbb741adf2e1ec352e6c8f3
base/dem10/4739.tif	2968	b522048c41fc089f3f6870fcc859bf4f
base/dem10/4740.tif	3923	c7bb4b5bf3ad2456b6fb6cbfe9eaa3d7
base/dem10/4828-fill.tif	126595	1889c7759a0629e49b3dcec63791cf13
base/dem10/4828.tif	2580364	a87feb23cfe162c3e8d31e39cb72386a
base/dem10/4829.tif	1677426	e24772a2679cc5fd24b6315426973b2d
base/dem10/4830.tif	84261820	e30bb8702f0b9544f0f92d794d1260f9
base/dem10/4831.tif	74444355	9a97c6f3292cf6d55ef695dc13558d28
base/dem10/4839.tif	135776	1dde5391d99d30ad505e8c9bbaf2090b
base/dem10/4928-fill.tif	3451	6dfee93630eaf534e0044d65b5a12ab5
base/dem10/4928.tif	6155925	ba7ebc7d5e28aed7bfbffcd705174f66
base/dem10/4929.tif	40825069	65a1c56443cdecfbb3c78130e35f11fb
base/dem10/4930.tif	77179883	fccff9f9ee4e6b7e41700e8df7213d86
base/dem10/4931-fill.tif	57825	b557458de1b913d3777e5a96d1c94d1f
base/dem10/4931.tif	102574239	7025b655fad45f4c70bb6cf585e7fdd4
base/dem10/4932.tif	51017255	52a7fb3a7a6e3e61ce9d1087c5cca4a5
base/dem10/4933.tif	11491530	7716e089eb91972c170ecfbe43e62ee2
base/dem10/4934.tif	978980	895563fa5fbb6185cf4b6b78c5662a6a
base/dem10/4939.tif	1374713	826a61c6f1efd927aa81d07346ea1336
base/dem10/5029.tif	12200543	81783fa7bd61cf2e22b79cc86986465d
base/dem10/5030-fill.tif	93755	f4f1abef85ea72a871537c841b974fe6
base/dem10/5030.tif	69741906	e8e3d69d34675219983816ec793d2e37
base/dem10/5031.tif	39250570	2602e7df1a21a9144dacf3cc8c4b402d
base/dem10/5032-fill.tif	15569	f1b81308ba2c20164bca0cef2c01d2f7
base/dem10/5032.tif	61652070	b7af87316a68af240f2f7553e1f478da
base/dem10/5033.tif	98052104	0acae04a4b0af5f809b13018081bb116
base/dem10/5034.tif	55289468	4a95e512e2ae0a3cc819a217fe9f22a4
base/dem10/5035.tif	66198719	17564216beaacfe4e3d8e96dc4617cfe
base/dem10/5036.tif	5949065	5749c47316d2a90a51c6a7fa3f3f3fa1
base/dem10/5038.tif	3575	36c0a050dda8a79ec5d873f042cebfc9
base/dem10/5039.tif	456783	32f7161326e53fc9418c9e61fd46d703
base/dem10/5129.tif	14610912	d9bdb992d91e9e139f3a3b8e42b1f27f
base/dem10/5130-fill.tif	32365	aea874032b2111c067b2453699e16993
base/dem10/5130.tif	7279663	0667bb75ef96022770ab0a8d57ddba21
base/dem10/5131.tif	93033484	8229d6f46f9000878aac054c9bc9586c
base/dem10/5132-fill.tif	279224	6a0861d916c508f194cd4beb871229b5
base/dem10/5132.tif	87884807	446487759f1abc5470118392dc4e64f0
base/dem10/5133-fill.tif	10032	1e382e70a16181a08b1011ff90b205bd
base/dem10/5133.tif	62813376	717cf4d5b6fcb81fda0c4d3d2643dc5b
base/dem10/5134.tif	44074139	777fa46304e899af15cbe5b6c358af43
base/dem10/5135.tif	84576202	c4c388f8f2edd291aeddaaaf32df1410
base/dem10/5136.tif	70508655	cf29b97ad99a2d3c993c80669c0cb91b
base/dem10/5137.tif	2690433	4dd8572e7141916020dc289b4f4d008f
base/dem10/5138.tif	2560981	7d033ca4e12a80aed6ec180c76c4d424
base/dem10/5139.tif	2178764	f0461d9c7f3b86143d3c2ec01e05008b
base/dem10/5229.tif	478958	b3ec35390f398cb15b79d0fa03028793
base/dem10/5231.tif	4201465	28d3b746acb0235aff5d92180531ae83
base/dem10/5232.tif	91525833	c7f4bd02da3e841584bc135f349c293e
base/dem10/5233.tif	117839819	c8e273bcdccaf97f3eac262e99f0104e
base/dem10/5234.tif	103886283	d642cdaa71d41c0ddd944361228cff3a
base/dem10/5235.tif	103026690	2ab609574eb54ab4a6f4233e448a7ec0
base/dem10/5236.tif	71479592	6af01f5e93a201459f33a3ab3f1694f9
base/dem10/5237.tif	99401322	e938be1d1367462f821e9a4c1d254f6c
base/dem10/5238.tif	86430844	255ea1ab2132c3775f4a89c00d272de7
base/dem10/5239.tif	31582062	e8959bc471f7ea2e4dfe455cf354c4db
base/dem10/5240.tif	15429229	51de1a4fad783d8d68472982f79f4601
base/dem10/5332.tif	7526458	5ea1030dfcd79448defb8e0a0ebc9a7b
base/dem10/5333.tif	29198785	d44062de4ff96c4612cae72af500debc
base/dem10/5334.tif	50870124	50c596e9024a12e7c5f583d9b514dee0
base/dem10/5335.tif	50021573	0f51d08c48c131401d7c6b86100ca36d
base/dem10/5336.tif	103775938	91677aed1e69514c812161e6fac067bc
base/dem10/5337.tif	116932905	73b20103eea8bb550994431d69242b34
base/dem10/5338.tif	117193336	f16e0ea9e7bf0f9388c6aba5533e15a4
base/dem10/5339.tif	74993850	fd407c916cb35ece1ef40805c761534c
base/dem10/5340.tif	44225729	07c49dcfd3065a798d25098723163570
base/dem10/5432.tif	457477	2557d840ce36848053cfbc4be02e126e
base/dem10/5433.tif	6758582	b86f179b95bd8392b8da46e68d84e258
base/dem10/5435.tif	75712	6a12768f394e5883e427f44c031a5df8
base/dem10/5436.tif	75534422	7210ef448bfa663024d5b4fa66947ad1
base/dem10/5437.tif	115022139	fc26451070ee99527fb749e28aa35934
base/dem10/5438.tif	111786334	d1c93e2267b5d920e5310b4c0f61b2d0
base/dem10/5439.tif	75644068	80f2cb970bc17d82852b3b6fb8f78d0c
base/dem10/5440.tif	52281371	e87cabef51d32b070534e706652278ac
base/dem10/5531.tif	12821	97412ce44ba4e9832248081078eb2800
base/dem10/5536.tif	28772613	f57e1d83f73f35f9d7baf66f9bea28f8
base/dem10/5537.tif	44690456	24a8f8f9638c275ded40f80375204154
base/dem10/5538.tif	100671124	4a99eb71859ce2dd313f596bb84c98a7
base/dem10/5539.tif	113296180	a8e7236f47f9673777cd93ea4c9673bb
base/dem10/5540.tif	98239115	1059003d97efcae134954c997660d809
base/dem10/5541.tif	471799	bc8a2600de81369ce728ab09424ce88f
base/dem10/5636.tif	2995172	5bb52d816d65270409e859e701d46162
base/dem10/5637.tif	8156740	c9b51483af158a4d72e0150ab948ac97
base/dem10/5638.tif	24631187	ca3e96a0e460a94d43d2c58c913d8953
base/dem10/5639.tif	104867088	59bedd5578408c3b78e80c9a6a350964
base/dem10/5640.tif	104287855	325dbdd30745dd9e94d074809ac92ea7
base/dem10/5641.tif	1813081	5c738bbde1ffa4e059de601f5cd6d41d
base/dem10/5738.tif	10019591	44c571f11265194adbd8d4fadb1b4012
base/dem10/5739.tif	63861807	15c1fa250d7467cf7fdb20c1d50e5937
base/dem10/5740.tif	100244890	886b850a19103a26fb9eea431a6516b1
base/dem10/5741.tif	22401455	6a33b0876093fd402a4b1624a3a40155
base/dem10/5839.tif	14528442	12ce63f86abf2bcd4d4f69967241170c
base/dem10/5840.tif	111692275	43a6257f460d02a1c8748ad08d67b139
base/dem10/5841.tif	77972402	6846b0f9cac69b2f712f7414ebe206dc
base/dem10/5939.tif	4237887	50afff8ddec3edb09d43fdd029266ce1
base/dem10/5940.tif	104837882	539fc03a31e36bf4342bcbdf205b1686
base/dem10/5941.tif	107937464	732503e8ee0f4e083c1693584e800da5
base/dem10/5942.tif	1828379	453ac9474284eaaad1d9c814cd823272
base/dem10/6039-fill.tif	4047	af3cac6b0b815485512e710b8c9ec53b
base/dem10/6039.tif	4913012	3f87afe042725daa5e954d50ca031474
base/dem10/6040.tif	108777441	7461c0aa1327d4b209d2ff492bd571bb
base/dem10/6041.tif	77437532	a3e57a2272dc776d19f880613d653d61
base/dem10/6139.tif	356571	fa625d3fb1adc84b910417cf1d03d886
base/dem10/6140.tif	51486662	5a35d93792a57d8262e81646f1449441
base/dem10/6141.tif	27592222	4fd07352d765e97069e20be998ba7bb8
base/dem10/6239.tif	618377	774383bd36cbcf09819a97237f41e3f9
base/dem10/6240.tif	62968277	5c8da444587c9e45d6f3a188c51a66ff
base/dem10/6241.tif	9515371	16fc239b99cf58edec5973b01ed9a731
base/dem10/6243.tif	743452	4122e8e763522848495d928489356c1b
base/dem10/6339.tif	18429814	5c9b9a10d270a41f293d72baf473e76c
base/dem10/6340.tif	62659347	b4bb53b1fda807c53718a4d9eddcce5f
base/dem10/6341.tif	18621900	3928995d3bb976190286291a5d497baf
base/dem10/6342.tif	65409394	57a64c83723f37be92bcfc23a9cd910f
base/dem10/6343.tif	38982016	3492b2ac93972eda2d0500c3ed10c285
base/dem10/6439.tif	439224	700abdd550db218225dca07a7b3efd9f
base/dem10/6440-fill.tif	1552197	0f622115a5efe1fa47ceb26b1a9f4f4f
base/dem10/6440.tif	63911334	e4d379016bde104516fe9d9e2998157e
base/dem10/6441.tif	78359429	10d6057b81d199f75ab8400d9538c616
base/dem10/6442.tif	108979665	760a85bce418e112e100956935b8dee6
base/dem10/6443.tif	85369230	1a1cf08773e6a0268f6e4b36cd21616f
base/dem10/6444.tif	51818126	568cf16166042e111ca2488a9849fd08
base/dem10/6445.tif	13617827	4c2f5a027803d3211a37e982246903fb
base/dem10/6540.tif	529069	67d0545953a62338129391e738416738
base/dem10/6541.tif	58557352	6ab1714eec1d3a85e52df199624be383
base/dem10/6542.tif	101336244	705230ae235f6605a7ce81fb800942fb
base/dem10/6543.tif	106364054	f14fcc0978f5218778bcbd4f880c82b3
base/dem10/6544.tif	88943579	89b04691dd67748377314a55182ba0b0
base/dem10/6545-fill.tif	16282355	8fdf66abdd935b9a88a15c87d0d7717a
base/dem10/6545.tif	7525524	2081c643cbc88dcd5b03f12c52940fe8
base/dem10/6546.tif	6427990	eb772c736d34e2dc4535b0f7453b50b1
base/dem10/6641.tif	34417701	3a5bad8cedcff4edd168ca01df84eef9
base/dem10/6642.tif	102090432	f89951f0101b220b0fdd7093246f1038
base/dem10/6643.tif	45386223	f740c558e497258421b3abcd80128f56
base/dem10/6644.tif	4342873	3cc5eea2189d1b5679c4f4cc83722c25
base/dem10/6645-fill.tif	9427262	bf7f0a556d5748699e89c3a615ea2282
base/dem10/6645.tif	6268399	630e4fd18b803bf4dd7633187986ea00
base/dem10/6646.tif	14926290	9b4ff3da8ac2178f69d22212540a38c5
base/dem10/6647.tif	3765298	e1aded6e85465b55cb695e3e2ca2cf60
base/dem10/6740.tif	2829	3c37c760499d62aa7aa92881108642e8
base/dem10/6741.tif	35087493	de6a9b22d8ad12239858c10cb1b8f334
base/dem10/6742.tif	53869548	2b6151b36ff5314f93fdf6440dab3f0c
base/dem10/6747.tif	26707780	7e2686963ef1d6be6c0d4aedb684cf5c
base/dem10/6748.tif	8942197	bf3ebd0e3c33bfcba547a2a4b2cd47c4
base/dem10/6840.tif	306039	4fc0eb8b0424b6035a41ee161f290ee9
base/dem10/6841.tif	7283571	5a924dcb405a5730efb832ac94094ccb
base/dem10/6842.tif	1545860	fca1aee11b6c3588a6b87090b67456ed
base/dem10/6847.tif	1889776	4e3aa419152c970aec178ffb9c099399
base/dem10/6848.tif	10889893	e97227096b9ce0959880c88469995930
base/dem5/3624.tif	19420087	ce7125429a60a10fc3fda565b52a698a
base/dem5/3725.tif	15834122	10777122262d70685413ad08347e0157
base/dem5/3927.tif	25041008	23323167a8345f91356b3ac2878e9c9a
base/dem5/3928.tif	219274	c8053496c200ae31b517a4aee0d5365b
base/dem5/4229.tif	32156398	d1e1768d9d3f35efe07dff6388e51b9a
base/dem5/4429.tif	2767957	f4dd803ecc229d679c395036ebfe6cf7
base/dem5/4530.tif	42948507	f28a4c186bb16b772460e0c0b3ef266d
base/dem5/4531.tif	5353121	b9376a72732c3a451bd3ad629fa370b6
base/dem5/4629.tif	1511987	3b155bd81d588c26656a287ac386e834
base/dem5/4630.tif	92972426	601ccd2449c364fc29caa66724815094
base/dem5/4631.tif	21229130	fe9fd0ee1376b1ab158d9f9a9fc1e20f
base/dem5/4729.tif	12223280	03b3af5431c0c334fd4ce11ffd20658d
base/dem5/4730.tif	405166147	664e0d4c80f8a61dbe6007e537cc05a0
base/dem5/4731.tif	220915700	e106de4d9041292a858711e29f05596d
base/dem5/4828.tif	13103974	f7e486b9df0e194a24c0a7323da8db86
base/dem5/4829.tif	8053452	9558ef07e66e1778c71106eab054e816
base/dem5/4830.tif	338939635	086fe0e9a5a84b03ceee9798a050950b
base/dem5/4831.tif	387181513	c5e04ce57a5d958eeba4175a1d6d692b
base/dem5/4839.tif	592960	8003a73b987250d5f35895902f11bf0d
base/dem5/4928.tif	30282387	e6e6fa96ee2d615c337bbcef699f4f9d
base/dem5/4929.tif	211281829	d1215a25159207f6de399755f2e8c477
base/dem5/4930.tif	396920611	35f3d75f898eb4e93ea6c129998da286
base/dem5/4931.tif	447244005	c0b4b7743d4da1361f94c22f069633d5
base/dem5/4932.tif	198518217	43de77ef652570fef6934c8560c37879
base/dem5/4933.tif	42734382	37299ad23d5e6a8e25337010d7334e2e
base/dem5/4934.tif	3470790	90e1eade847eef0a362e7efef06ee46a
base/dem5/4939.tif	7103195	dcd1836cdb66597544d980de786d8215
base/dem5/5029.tif	59520833	916ea4a9819db15de86edf738c33ade3
base/dem5/5030.tif	368051651	56eedf7abe69923e2e976073a5f8ba78
base/dem5/5031.tif	167338456	d1ecfb7722af362728f01219b76876f1
base/dem5/5032.tif	265366683	1210248a03f1396ad08d55463945c599
base/dem5/5033.tif	390892997	b4dca04e94fc014da821969b510127b6
base/dem5/5034.tif	255257086	02cd70bffe625cde604fec1db1bdb668
base/dem5/5035.tif	261713310	8d3c156126d576f982d6867da7811ca5
base/dem5/5036.tif	21973290	77d46b0e3e2fbd0415f9a5fc564c8c9a
base/dem5/5039.tif	2025241	637277e221b6cc7967da82f1d91342af
base/dem5/5129.tif	71200713	2b31abf8a01aa300f52871bd4f556cbc
base/dem5/5130.tif	27254529	e6975aaa97aa65d8cad369ca7f32a2e7
base/dem5/5131.tif	321545471	7f2b8faf6cae1241afc3ace2869c0429
base/dem5/5132.tif	321852581	5ecc731523ef5a6b7c4faa4e403561ae
base/dem5/5133.tif	302247362	ddae06d8a39dc7bfe00ff5dd870eed4a
base/dem5/5134.tif	218293624	3efa1afaa3648672cc1ca6893fadefb1
base/dem5/5135.tif	402262872	5abaf4a8358ccaf13cc79318265c0263
base/dem5/5136.tif	338057825	e5f12c748b7d6b558a577a77ae028b97
base/dem5/5137.tif	17984650	52fcdf77728369cc7d13fbff7321fb6f
base/dem5/5138.tif	14170877	9879e192d2a194adb831a926f198b0dd
base/dem5/5139.tif	7872800	c89cf7493e61ffda748d85b1aaf573cd
base/dem5/5229.tif	2195518	a969ca0c1c398b11ed65a528104374ca
base/dem5/5231.tif	11527846	d64af62f99b006b434e89a29379baa95
base/dem5/5232.tif	218819797	44d7a1b23b646bfe53c832d2677d0d35
base/dem5/5233.tif	320758177	38855e71bcc9151e3b5ec6f32c998369
base/dem5/5234.tif	381231048	cdca910f621358681a1e3945575b5113
base/dem5/5235.tif	457519859	2f869b9f32e2eb0c7dec61c91dee6558
base/dem5/5236.tif	415842247	62a9ad5893050867554b38c45679e987
base/dem5/5237.tif	545434610	2b2858e63f7c98fa77abb186529a83b6
base/dem5/5238.tif	412636289	51de26a7af32d3b7228dd55081f33c50
base/dem5/5239.tif	141119502	48361e92203b531d71d49784604a9534
base/dem5/5240.tif	78882093	7c992860888d71e2b4a4d6219b1cbe88
base/dem5/5332.tif	48906386	9cc507ddb0068f542c9f00281e20b2b0
base/dem5/5333.tif	152840872	d85a3f52691ae95cfd3b9dafa715986e
base/dem5/5334.tif	173870011	3f8a4f23d75c94c40f94776183c56117
base/dem5/5335.tif	201386856	34811e81c43606f29d3fd68e33b94b64
base/dem5/5336.tif	491237940	8afe21c8bafe8a3c75cac0c2dd713ccf
base/dem5/5337.tif	505465683	7468b72754fcab6648b3c5db6037b027
base/dem5/5338.tif	517015316	8be7e24c3a899f944b3e52cf23e7cf09
base/dem5/5339.tif	469958242	34ef5771cce08436636733fe9d98957e
base/dem5/5340.tif	350497267	f9d537dd4668fe45cb0746585eb65605
base/dem5/5432.tif	2088391	61bf73d6a74aea8aa74a51b4b7e73dfb
base/dem5/5433.tif	33126953	27ae15008a3cb39a2f3ef07ab83b8aa0
base/dem5/5435.tif	228136	61f082a8b7c42683d49ab25a69e28ac9
base/dem5/5436.tif	340693155	2c7a4878cdd3372460a4031b6a3cb69a
base/dem5/5437.tif	472253855	c7e7f8931fa1a7389b0e428817258b84
base/dem5/5438.tif	487025623	3cd4ebdad8b9982e6df5e6e98eb3a0a2
base/dem5/5439.tif	513265374	f2cf40cb52783abd224101c0f80216c3
base/dem5/5440.tif	315880159	f091fae8e435ebbc4d6dfdfce53fdd5e
base/dem5/5536.tif	161675917	ced1186881546aca74a38d0c5d1f2e09
base/dem5/5537.tif	209616315	2308924a75e1c0118b6ef9e7bd1fed11
base/dem5/5538.tif	430777023	652df432524cf034ecdde64b4f2ba84c
base/dem5/5539.tif	477650538	d9b3cb31ee6d6b0007af4609e3936e32
base/dem5/5540.tif	370626412	0d38c1e1918a285605a6a08c55d614a2
base/dem5/5541.tif	1867928	3db2088713a9e9136f1475dd5941e965
base/dem5/5636.tif	15742084	9d70fe4a70a6529b3836707553d6816d
base/dem5/5637.tif	42996533	4cb4afd0418555e4af4a5609507b23de
base/dem5/5638.tif	174958545	cc07873dbe621887542c98d387478c4f
base/dem5/5639.tif	420620504	361c9383648f90f337fb4e9d5d3a53c9
base/dem5/5640.tif	439304496	b8782b1ca7d92c6a5bcc41b1a2b6fe73
base/dem5/5641.tif	8183669	7acbc45fda22b16f656570cde512ad89
base/dem5/5738.tif	52164271	03cff283b692eedcb72fc4da71fbaecd
base/dem5/5739.tif	265318515	658f561aec4711467b1ed4e8340bef88
base/dem5/5740.tif	458806422	15241ce45e121fe9888a788df9c78470
base/dem5/5741.tif	132340736	975d19126144ad564ac52fff2dd933cc
base/dem5/5839.tif	88783960	4929d8186f90eca7065c5ec4f50a8415
base/dem5/5840.tif	336735166	5a72b6353623c587a614556367601796
base/dem5/5841.tif	333578993	a1cecf3cfc8f5c31823ee1fc3cbfe433
base/dem5/5939.tif	28544771	6014528cec00d25f9b5f86bd4e40a541
base/dem5/5940.tif	339215014	f9cd0eec9ba15b5a8554e6870578c3f6
base/dem5/5941.tif	444024903	300b6800ecef60564adaca4caef87198
base/dem5/5942.tif	6437908	5d4b5d78f730a9fe64913f8389fa2fba
base/dem5/6039.tif	11005089	02bf277457d7de79f1fec8ab99f5f235
base/dem5/6040.tif	272694348	1ef7a0ed5f7f77812f01a04252b80823
base/dem5/6041.tif	195963130	5379656d12c1acaede97b4295df2e1b4
base/dem5/6139.tif	2061919	98ce2e810d709dd72ab304241c7afd73
base/dem5/6140.tif	233562819	4912bfe8542f21cbe45c1e6342b332c6
base/dem5/6141.tif	116973369	7cda61386ee80748f314d24075f75117
base/dem5/6239.tif	1058080	8b33d548a9c69c4c90363bb9f84927ad
base/dem5/6240.tif	239823810	9897280aaeeb9a13b55380331b052367
base/dem5/6241.tif	28361947	1bda93393bf8fa2fc4ea578828d813a0
base/dem5/6243.tif	3749333	823e74345c2fbb8df1f581833a08f181
base/dem5/6339.tif	70792168	65ae7510857c40a1576b5a7bd65cdef0
base/dem5/6340.tif	254017821	3d855b47ba0b1460a26b3440ec3c1016
base/dem5/6341.tif	83167889	6f2639d72c374e29320be018e30fc40e
base/dem5/6342.tif	206259985	a6f9be1bb0bd825e4723ea5f0c4af84e
base/dem5/6343.tif	158512511	15d964ba12dfda622633a0b068e05330
base/dem5/6439.tif	1580464	bf12ed3e498faa9cc9ac772872e175bc
base/dem5/6440.tif	97282015	f064c4552f36baff0e5dffc6653ace07
base/dem5/6441.tif	429249175	c8f7e12e4d45e35614b446144c7589d1
base/dem5/6442.tif	241550765	20e756391ca2580c6d2d7448ebdba4b2
base/dem5/6443.tif	240112121	200e21817a2293f848803c6c07196543
base/dem5/6444.tif	110314504	ce9dd180f72a0ea6bda823b35f22bfeb
base/dem5/6445.tif	39970025	8a8315a3386dbf11fcbc1fdd06e53f47
base/dem5/6541.tif	158588760	e0f01eadf5375b12d33b0589ed0e2262
base/dem5/6542.tif	374266886	fa64e25d2fafb6321bea6a48ab66379c
base/dem5/6543.tif	86379944	e6e1e8a67045da404fa65d463ebd7372
base/dem5/6544.tif	48514809	cec96031bd8d9629e39c2606b7c91463
base/dem5/6545.tif	44197214	ccef70ad0fa347ba841cd36a0766452b
base/dem5/6641.tif	6724937	2a9547b3690c03a9d1972f28cf58c3ff
base/dem5/6642.tif	120029540	d2b7c1b752fe7083a55d82bf0241ef65
base/dem5/6643.tif	32920339	1d67e8bba46223b18d0c3f1f5caf165f
base/dem5/6644.tif	6581292	c01f2e9a24863544225c85d261114f0e
base/dem5/6645.tif	7797821	ca087ed882b56d1a9b5be4d2770c315c
base/dem5/6741.tif	151373296	8ea113537703909ee9c3148e133ee76c
base/dem5/6742.tif	13899689	ffb018404a8b1aff1e2c557afecfd1bb
base/dem5/6840.tif	1334823	3dfb498344a755d3cb4ec4345aa9812c
base/dem5/6841.tif	40798108	7ba00db71815f62c229251da336bf7bc
base/dem5/6842.tif	8403971	acd2332d173a8d49d6e032f1c8068e4d
patch/noto/central_noto.tif	11018633214	62fcaba451d20758f5f580fa115a9fdc
patch/noto/northen_noto.tif	11822662922	44a50f8a0f730c6b13e7fb02d6aebe68
patch/noto/southern_noto.tif	7482024593	edcb795871d71c822e4be7a8692591dc
patch/others/kisarazu-shi.tif	46223843	51f73df19d8fb561c1ef025619904399
patch/others/susami-cho.tif	2915512	3fd173347b4b2741786cf19a1e933e23
patch/others/tamana-shi.tif	46619603	fc87f493ce86d31c3e4465ea221d0cb7
patch/others/yonago-shi.tif	15468774	08be6a0aae60e729b2411cd033d2b2cc
patch/shizuoka/1_富士山南東部・伊豆東部.tif	14109368996	734046dfc20461775a084333ae24587b
patch/shizuoka/2_伊豆西部.tif	6685086982	0a8bb9f6d463579c2ee8ae7fe4ba3f08
patch/shizuoka/3_富士山および静岡東部.tif	9610306397	d27a25d8920266bfe3c8f99912b737c7
patch/shizuoka/4_中・西部_1.tif	21818886176	393a001d77a39e960ee5895b693e1315
patch/shizuoka/4_中・西部_2.tif	646327595	b0be7ff0922e12a3ec66657676c1838d
patch/shizuoka/5_北部（南アルプス）.tif	3817490197	0b3d8bd545c58a0d0209c8d4a92f0527
patch/tokyo/23ku.tif	96355359	9a5cda3afa75b4f0333bf6d7a23ed772
patch/tokyo/tama.tif	184025916	60868a78fcc60202a533c009b0563177
